facility_key,facility_code,facility_name,location_lat,location_lng,total_capacity_mw,total_capacity_registered_mw,total_capacity_maximum_mw
1,AVLSF,Avonlie,-34.919115,146.609540,254.1000,254.1000,190.0000
2,BOMENSF,Bomen,-35.048600,147.443900,121.0000,121.0000,100.0000
3,DARLSF,Darlington Point,-34.644808,146.035756,324.0000,324.0000,275.0000
4,EMERASF,Emerald,-23.508790,148.128017,88.0000,88.0000,72.0000
5,FINLEYSF,Finley,-35.644210,145.508644,162.3600,162.3600,133.0000
6,LIMOSF2,Limondale 2,-34.775502,143.508046,38.0000,38.0000,29.0000
7,WRSF1,White Rock Solar Farm,-29.763292,151.552402,22.0000,22.0000,20.0000
8,YATSF1,Yatpool,-34.380730,142.205340,94.0000,94.0000,81.0000
